﻿datetime,SepalLengthCm,SepalWidthCm,PetalLengthCm,PetalWidthCm,Species
01-03-2012,5,2,3.5,1,Iris-versicolor
02-03-2012,5.9,3,4.2,1.5,Iris-versicolor
03-03-2012,6,2.2,4,1,Iris-versicolor
04-03-2012,6.1,2.9,4.7,1.4,Iris-versicolor
05-03-2012,5.6,2.9,3.6,1.3,Iris-versicolor
06-03-2012,6.7,3.1,4.4,1.4,Iris-versicolor
07-03-2012,5.6,3,4.5,1.5,Iris-versicolor
08-03-2012,5.8,2.7,4.1,1,Iris-versicolor
09-03-2012,6.2,2.2,4.5,1.5,Iris-versicolor
10-03-2012,5.6,2.5,3.9,1.1,Iris-versicolor
11-03-2012,5.9,3.2,4.8,1.8,Iris-versicolor
12-03-2012,6.1,2.8,4,1.3,Iris-versicolor
13-03-2012,6.3,2.5,4.9,1.5,Iris-versicolor
14-03-2012,6.1,2.8,4.7,1.2,Iris-versicolor
15-03-2012,6.4,2.9,4.3,1.3,Iris-versicolor
16-03-2012,6.6,3,4.4,1.4,Iris-versicolor
17-03-2012,6.8,2.8,4.8,1.4,Iris-versicolor
18-03-2012,6.7,3,5,1.7,Iris-versicolor
19-03-2012,6,2.9,4.5,1.5,Iris-versicolor
20-03-2012,5.7,2.6,3.5,1,Iris-versicolor
21-03-2012,5.5,2.4,3.8,1.1,Iris-versicolor
22-03-2012,5.5,2.4,3.7,1,Iris-versicolor
23-03-2012,5.8,2.7,3.9,1.2,Iris-versicolor
24-03-2012,6,2.7,5.1,1.6,Iris-versicolor
25-03-2012,5.4,3,4.5,1.5,Iris-versicolor
26-03-2012,6,3.4,4.5,1.6,Iris-versicolor
27-03-2012,6.7,3.1,4.7,1.5,Iris-versicolor
28-03-2012,6.3,2.3,4.4,1.3,Iris-versicolor
29-03-2012,5.6,3,4.1,1.3,Iris-versicolor
30-03-2012,5.5,2.5,4,1.3,Iris-versicolor
31-03-2012,5.5,2.6,4.4,1.2,Iris-versicolor
01-04-2012,6.1,3,4.6,1.4,Iris-versicolor
02-04-2012,5.8,2.6,4,1.2,Iris-versicolor
03-04-2012,5,2.3,3.3,1,Iris-versicolor
04-04-2012,5.6,2.7,4.2,1.3,Iris-versicolor
05-04-2012,5.7,3,4.2,1.2,Iris-versicolor
06-04-2012,5.7,2.9,4.2,1.3,Iris-versicolor
07-04-2012,6.2,2.9,4.3,1.3,Iris-versicolor
08-04-2012,5.1,2.5,3,1.1,Iris-versicolor
09-04-2012,5.7,2.8,4.1,1.3,Iris-versicolor
10-04-2012,6.3,3.3,6,2.5,Iris-virginica
11-04-2012,5.8,2.7,5.1,1.9,Iris-virginica
12-04-2012,7.1,3,5.9,2.1,Iris-virginica
13-04-2012,6.3,2.9,5.6,1.8,Iris-virginica
14-04-2012,6.5,3,5.8,2.2,Iris-virginica
15-04-2012,7.6,3,6.6,2.1,Iris-virginica
16-04-2012,4.9,2.5,4.5,1.7,Iris-virginica
17-04-2012,7.3,2.9,6.3,1.8,Iris-virginica
18-04-2012,6.7,2.5,5.8,1.8,Iris-virginica
19-04-2012,7.2,3.6,6.1,2.5,Iris-virginica
20-04-2012,6.5,3.2,5.1,2,Iris-virginica
21-04-2012,6.4,2.7,5.3,1.9,Iris-virginica
22-04-2012,6.8,3,5.5,2.1,Iris-virginica
23-04-2012,5.7,2.5,5,2,Iris-virginica
24-04-2012,5.8,2.8,5.1,2.4,Iris-virginica
25-04-2012,6.4,3.2,5.3,2.3,Iris-virginica
26-04-2012,6.5,3,5.5,1.8,Iris-virginica
27-04-2012,7.7,3.8,6.7,2.2,Iris-virginica
28-04-2012,7.7,2.6,6.9,2.3,Iris-virginica
29-04-2012,6,2.2,5,1.5,Iris-virginica
30-04-2012,6.9,3.2,5.7,2.3,Iris-virginica
01-05-2012,5.6,2.8,4.9,2,Iris-virginica
02-05-2012,7.7,2.8,6.7,2,Iris-virginica
03-05-2012,6.3,2.7,4.9,1.8,Iris-virginica
04-05-2012,6.7,3.3,5.7,2.1,Iris-virginica
05-05-2012,7.2,3.2,6,1.8,Iris-virginica
06-05-2012,6.2,2.8,4.8,1.8,Iris-virginica
07-05-2012,6.1,3,4.9,1.8,Iris-virginica
08-05-2012,6.4,2.8,5.6,2.1,Iris-virginica
09-05-2012,7.2,3,5.8,1.6,Iris-virginica
10-05-2012,7.4,2.8,6.1,1.9,Iris-virginica
11-05-2012,7.9,3.8,6.4,2,Iris-virginica
12-05-2012,6.4,2.8,5.6,2.2,Iris-virginica
13-05-2012,6.3,2.8,5.1,1.5,Iris-virginica
14-05-2012,6.1,2.6,5.6,1.4,Iris-virginica
15-05-2012,7.7,3,6.1,2.3,Iris-virginica
16-05-2012,6.3,3.4,5.6,2.4,Iris-virginica
17-05-2012,6.4,3.1,5.5,1.8,Iris-virginica
18-05-2012,6,3,4.8,1.8,Iris-virginica
19-05-2012,6.9,3.1,5.4,2.1,Iris-virginica
20-05-2012,6.7,3.1,5.6,2.4,Iris-virginica
21-05-2012,6.9,3.1,5.1,2.3,Iris-virginica
22-05-2012,5.8,2.7,5.1,1.9,Iris-virginica
23-05-2012,6.8,3.2,5.9,2.3,Iris-virginica
24-05-2012,6.7,3.3,5.7,2.5,Iris-virginica
25-05-2012,6.7,3,5.2,2.3,Iris-virginica
26-05-2012,6.3,2.5,5,1.9,Iris-virginica
27-05-2012,6.5,3,5.2,2,Iris-virginica
28-05-2012,6.2,3.4,5.4,2.3,Iris-virginica
29-05-2012,5.9,3,5.1,1.8,Iris-virginica
